[
    {
        "pk": 1,
        "model": "securitiesManager.security",
        "fields": {
            "name": "SCR0"
        }
    },
    {
        "pk": 2,
        "model": "securitiesManager.security",
        "fields": {
            "name": "SCR1"
        }
    },
    {
        "pk": 3,
        "model": "securitiesManager.security",
        "fields": {
            "name": "SCR2"
        }
    },
    {
        "pk": 4,
        "model": "securitiesManager.security",
        "fields": {
            "name": "SCR3"
        }
    },
    {
        "pk": 5,
        "model": "securitiesManager.security",
        "fields": {
            "name": "SCR4"
        }
    },
    {
        "pk": 6,
        "model": "securitiesManager.security",
        "fields": {
            "name": "SCR5"
        }
    },
    {
        "pk": 7,
        "model": "securitiesManager.security",
        "fields": {
            "name": "SCR6"
        }
    },
    {
        "pk": 8,
        "model": "securitiesManager.security",
        "fields": {
            "name": "SCR7"
        }
    },
    {
        "pk": 9,
        "model": "securitiesManager.security",
        "fields": {
            "name": "SCR8"
        }
    },
    {
        "pk": 10,
        "model": "securitiesManager.security",
        "fields": {
            "name": "SCR9"
        }
    },
    {
        "pk": 1,
        "model": "securitiesManager.index",
        "fields": {
            "name": "INDX0",
            "securities": [
                1,
                3,
                5,
                7,
                9
            ]
        }
    },
    {
        "pk": 2,
        "model": "securitiesManager.index",
        "fields": {
            "name": "INDX1",
            "securities": [
                2,
                4,
                6,
                8,
                10
            ]
        }
    },
    {
        "pk": 3,
        "model": "securitiesManager.index",
        "fields": {
            "name": "INDX2",
            "securities": [
                1,
                2,
                3,
                4,
                5,
                6,
                7,
                8,
                9,
                10
            ]
        }
    },
    {
        "pk": 1,
        "model": "securitiesManager.weight",
        "fields": {
            "index": 3,
            "security": 1,
            "weight": 10
        }
    },
    {
        "pk": 2,
        "model": "securitiesManager.weight",
        "fields": {
            "index": 3,
            "security": 2,
            "weight": 10
        }
    },
    {
        "pk": 3,
        "model": "securitiesManager.weight",
        "fields": {
            "index": 3,
            "security": 3,
            "weight": 10
        }
    },
    {
        "pk": 4,
        "model": "securitiesManager.weight",
        "fields": {
            "index": 3,
            "security": 4,
            "weight": 10
        }
    },
    {
        "pk": 5,
        "model": "securitiesManager.weight",
        "fields": {
            "index": 3,
            "security": 5,
            "weight": 10
        }
    },
    {
        "pk": 6,
        "model": "securitiesManager.weight",
        "fields": {
            "index": 3,
            "security": 6,
            "weight": 10
        }
    },
    {
        "pk": 7,
        "model": "securitiesManager.weight",
        "fields": {
            "index": 3,
            "security": 7,
            "weight": 10
        }
    },
    {
        "pk": 7,
        "model": "securitiesManager.weight",
        "fields": {
            "index": 3,
            "security": 7,
            "weight": 10
        }
    },
    {
        "pk": 8,
        "model": "securitiesManager.weight",
        "fields": {
            "index": 3,
            "security": 8,
            "weight": 10
        }
    },
    {
        "pk": 9,
        "model": "securitiesManager.weight",
        "fields": {
            "index": 3,
            "security": 9,
            "weight": 10
        }
    },
    {
        "pk": 10,
        "model": "securitiesManager.weight",
        "fields": {
            "index": 3,
            "security": 10,
            "weight": 10
        }
    },
    {
        "pk": 11,
        "model": "securitiesManager.weight",
        "fields": {
            "index": 1,
            "security": 1,
            "weight": 20
        }
    },
    {
        "pk": 12,
        "model": "securitiesManager.weight",
        "fields": {
            "index": 1,
            "security": 3,
            "weight": 20
        }
    },
    {
        "pk": 13,
        "model": "securitiesManager.weight",
        "fields": {
            "index": 1,
            "security": 5,
            "weight": 20
        }
    },
    {
        "pk": 14,
        "model": "securitiesManager.weight",
        "fields": {
            "index": 1,
            "security": 7,
            "weight": 20
        }
    },
    {
        "pk": 15,
        "model": "securitiesManager.weight",
        "fields": {
            "index": 1,
            "security": 9,
            "weight": 20
        }
    },
    {
        "pk": 16,
        "model": "securitiesManager.weight",
        "fields": {
            "index": 2,
            "security": 2,
            "weight": 20
        }
    },
    {
        "pk": 17,
        "model": "securitiesManager.weight",
        "fields": {
            "index": 2,
            "security": 4,
            "weight": 20
        }
    },
    {
        "pk": 18,
        "model": "securitiesManager.weight",
        "fields": {
            "index": 2,
            "security": 6,
            "weight": 20
        }
    },
    {
        "pk": 19,
        "model": "securitiesManager.weight",
        "fields": {
            "index": 2,
            "security": 8,
            "weight": 20
        }
    },
    {
        "pk": 20,
        "model": "securitiesManager.weight",
        "fields": {
            "index": 2,
            "security": 10,
            "weight": 20
        }
    },
    {
        "pk": 1,
        "model": "securitiesManager.price",
        "fields": {
            "security": 1,
            "date": "2020-04-09",
            "price": 1
        }
    },
    {
        "pk": 2,
        "model": "securitiesManager.price",
        "fields": {
            "security": 2,
            "date": "2020-04-09",
            "price": 1
        }
    },
    {
        "pk": 3,
        "model": "securitiesManager.price",
        "fields": {
            "security": 3,
            "date": "2020-04-09",
            "price": 1
        }
    },
    {
        "pk": 4,
        "model": "securitiesManager.price",
        "fields": {
            "security": 4,
            "date": "2020-04-09",
            "price": 1
        }
    },
    {
        "pk": 5,
        "model": "securitiesManager.price",
        "fields": {
            "security": 5,
            "date": "2020-04-09",
            "price": 1
        }
    },
    {
        "pk": 6,
        "model": "securitiesManager.price",
        "fields": {
            "security": 6,
            "date": "2020-04-09",
            "price": 1
        }
    },
    {
        "pk": 7,
        "model": "securitiesManager.price",
        "fields": {
            "security": 7,
            "date": "2020-04-09",
            "price": 1
        }
    },
    {
        "pk": 8,
        "model": "securitiesManager.price",
        "fields": {
            "security": 8,
            "date": "2020-04-09",
            "price": 1
        }
    },
    {
        "pk": 9,
        "model": "securitiesManager.price",
        "fields": {
            "security": 9,
            "date": "2020-04-09",
            "price": 1
        }
    },
    {
        "pk": 10,
        "model": "securitiesManager.price",
        "fields": {
            "security": 10,
            "date": "2020-04-09",
            "price": 1
        }
    },
    {
        "pk": 11,
        "model": "securitiesManager.price",
        "fields": {
            "security": 1,
            "date": "2020-05-09",
            "price": 1.1
        }
    },
    {
        "pk": 12,
        "model": "securitiesManager.price",
        "fields": {
            "security": 2,
            "date": "2020-05-09",
            "price": 2.2
        }
    },
    {
        "pk": 13,
        "model": "securitiesManager.price",
        "fields": {
            "security": 3,
            "date": "2020-05-09",
            "price": 3.3
        }
    },
    {
        "pk": 14,
        "model": "securitiesManager.price",
        "fields": {
            "security": 4,
            "date": "2020-05-09",
            "price": 4.4
        }
    },
    {
        "pk": 15,
        "model": "securitiesManager.price",
        "fields": {
            "security": 5,
            "date": "2020-05-09",
            "price": 5.5
        }
    },
    {
        "pk": 16,
        "model": "securitiesManager.price",
        "fields": {
            "security": 6,
            "date": "2020-05-09",
            "price": 6.6
        }
    },
    {
        "pk": 17,
        "model": "securitiesManager.price",
        "fields": {
            "security": 7,
            "date": "2020-05-09",
            "price": 7.7
        }
    },
    {
        "pk": 18,
        "model": "securitiesManager.price",
        "fields": {
            "security": 8,
            "date": "2020-05-09",
            "price": 8.8
        }
    },
    {
        "pk": 19,
        "model": "securitiesManager.price",
        "fields": {
            "security": 9,
            "date": "2020-05-09",
            "price": 9.9
        }
    },
    {
        "pk": 20,
        "model": "securitiesManager.price",
        "fields": {
            "security": 10,
            "date": "2020-05-09",
            "price": 11
        }
    },
    {
        "pk": 1,
        "model": "securitiesManager.index_price",
        "fields": {
            "index": 1,
            "date": "2020-05-09",
            "price": 100
        }
    },
    {
        "pk": 2,
        "model": "securitiesManager.index_price",
        "fields": {
            "index": 2,
            "date": "2020-05-09",
            "price": 100
        }
    },
    {
        "pk": 3,
        "model": "securitiesManager.index_price",
        "fields": {
            "index": 3,
            "date": "2020-05-09",
            "price": 100
        }
    }
]